INSERT INTO repository (url, forks, name) VALUES ('https:\/\/github.com/jaxio/jsf-faces-flow-example', 0, 'jsf-faces-flow-example');
INSERT INTO repository (url, forks, name) VALUES ('https:\/\/github.com/jaxio/generated-projects', 23, 'generated-projects');
INSERT INTO repository (url, forks, name) VALUES ('https:\/\/github.com/jaxio/cassandra-lan-party', 0, 'cassandra-lan-party');
INSERT INTO repository (url, forks, name) VALUES ('https:\/\/github.com/jaxio/jsf-conversation', 1, 'jsf-conversation');
INSERT INTO repository (url, forks, name) VALUES ('https:\/\/github.com/jaxio/usi2011', 3, 'usi2011');
INSERT INTO repository (url, forks, name) VALUES ('https:\/\/github.com/jaxio/jpa-query-by-example', 3, 'jpa-query-by-example');
INSERT INTO repository (url, forks, name) VALUES ('https:\/\/github.com/jaxio/rest', 0, 'rest');

INSERT INTO repository (url, forks, name) VALUES ('https:\/\/github.com/ippontech/wip', 2, 'wip');
INSERT INTO repository (url, forks, name) VALUES ('https:\/\/github.com/ippontech/tatami-bot', 4, 'tatami-bot');
INSERT INTO repository (url, forks, name) VALUES ('https:\/\/github.com/ippontech/CompanyFight', 4, 'CompanyFight');
INSERT INTO repository (url, forks, name) VALUES ('https:\/\/github.com/ippontech/atelierCamel', 1, 'atelierCamel');
INSERT INTO repository (url, forks, name) VALUES ('https:\/\/github.com/ippontech/nantes-mobi-parkings', 4, 'nantes-mobi-parkings');
INSERT INTO repository (url, forks, name) VALUES ('https:\/\/github.com/ippontech/ippon-shopping', 4, 'ippon-shopping');
INSERT INTO repository (url, forks, name) VALUES ('https:\/\/github.com/ippontech/IpponRecrute', 7, 'IpponRecrute');
INSERT INTO repository (url, forks, name) VALUES ('https:\/\/github.com/ippontech/moviesstore-swf-jsf', 0, 'moviesstore-swf-jsf');
INSERT INTO repository (url, forks, name) VALUES ('https:\/\/github.com/ippontech/multiSlider.js', 0, 'multiSlider.js');
INSERT INTO repository (url, forks, name) VALUES ('https:\/\/github.com/ippontech/spring-webflow-tutorial', 2, 'spring-webflow-tutorial');
INSERT INTO repository (url, forks, name) VALUES ('https:\/\/github.com/ippontech/primefaces-groovy-cassandra', 2, 'primefaces-groovy-cassandra');
INSERT INTO repository (url, forks, name) VALUES ('https:\/\/github.com/ippontech/primefaces-scala-cassandra', 2, 'primefaces-scala-cassandra');
INSERT INTO repository (url, forks, name) VALUES ('https:\/\/github.com/ippontech/tatami-team1', 4, 'tatami-team1');
INSERT INTO repository (url, forks, name) VALUES ('https:\/\/github.com/ippontech/IpponRecrute3', 12, 'IpponRecrute3');
INSERT INTO repository (url, forks, name) VALUES ('https:\/\/github.com/ippontech/tatami', 159, 'tatami');


INSERT INTO organization (id, avatarurl, followerscount, updatedat) VALUES ('jaxio', 'jaxio.png', 0, '2013-07-18');
INSERT INTO organization (id, avatarurl, followerscount, updatedat) VALUES ('ippontech', 'ippontech.png', 0, '2013-07-18');

INSERT INTO organization_repository (organization_id, repositories_url) VALUES ('jaxio', 'https:\/\/github.com/jaxio/jsf-faces-flow-example');
INSERT INTO organization_repository (organization_id, repositories_url) VALUES ('jaxio', 'https:\/\/github.com/jaxio/generated-projects');
INSERT INTO organization_repository (organization_id, repositories_url) VALUES ('jaxio', 'https:\/\/github.com/jaxio/cassandra-lan-party');
INSERT INTO organization_repository (organization_id, repositories_url) VALUES ('jaxio', 'https:\/\/github.com/jaxio/jsf-conversation');
INSERT INTO organization_repository (organization_id, repositories_url) VALUES ('jaxio', 'https:\/\/github.com/jaxio/jpa-query-by-example');
INSERT INTO organization_repository (organization_id, repositories_url) VALUES ('jaxio', 'https:\/\/github.com/jaxio/usi2011');
INSERT INTO organization_repository (organization_id, repositories_url) VALUES ('jaxio', 'https:\/\/github.com/jaxio/rest');

INSERT INTO organization_repository (organization_id, repositories_url) VALUES ('ippontech', 'https:\/\/github.com/ippontech/wip');
INSERT INTO organization_repository (organization_id, repositories_url) VALUES ('ippontech', 'https:\/\/github.com/ippontech/tatami-bot');
INSERT INTO organization_repository (organization_id, repositories_url) VALUES ('ippontech', 'https:\/\/github.com/ippontech/CompanyFight');
INSERT INTO organization_repository (organization_id, repositories_url) VALUES ('ippontech', 'https:\/\/github.com/ippontech/atelierCamel');
INSERT INTO organization_repository (organization_id, repositories_url) VALUES ('ippontech', 'https:\/\/github.com/ippontech/nantes-mobi-parkings');
INSERT INTO organization_repository (organization_id, repositories_url) VALUES ('ippontech', 'https:\/\/github.com/ippontech/ippon-shopping');
INSERT INTO organization_repository (organization_id, repositories_url) VALUES ('ippontech', 'https:\/\/github.com/ippontech/IpponRecrute');
INSERT INTO organization_repository (organization_id, repositories_url) VALUES ('ippontech', 'https:\/\/github.com/ippontech/moviesstore-swf-jsf');
INSERT INTO organization_repository (organization_id, repositories_url) VALUES ('ippontech', 'https:\/\/github.com/ippontech/multiSlider.js');
INSERT INTO organization_repository (organization_id, repositories_url) VALUES ('ippontech', 'https:\/\/github.com/ippontech/spring-webflow-tutorial');
INSERT INTO organization_repository (organization_id, repositories_url) VALUES ('ippontech', 'https:\/\/github.com/ippontech/primefaces-groovy-cassandra');
INSERT INTO organization_repository (organization_id, repositories_url) VALUES ('ippontech', 'https:\/\/github.com/ippontech/primefaces-scala-cassandra');
INSERT INTO organization_repository (organization_id, repositories_url) VALUES ('ippontech', 'https:\/\/github.com/ippontech/tatami-team1');
INSERT INTO organization_repository (organization_id, repositories_url) VALUES ('ippontech', 'https:\/\/github.com/ippontech/IpponRecrute3');
INSERT INTO organization_repository (organization_id, repositories_url) VALUES ('ippontech', 'https:\/\/github.com/ippontech/tatami');
